<?xml version="1.0" encoding="UTF-8"?>

<mule xmlns:db="http://www.mulesoft.org/schema/mule/db" xmlns:http="http://www.mulesoft.org/schema/mule/http" xmlns="http://www.mulesoft.org/schema/mule/core" xmlns:doc="http://www.mulesoft.org/schema/mule/documentation"
    xmlns:spring="http://www.springframework.org/schema/beans" 
    xmlns:xsi="http://www.w3.org/2001/XMLSchema-instance"
    xsi:schemaLocation="http://www.springframework.org/schema/beans http://www.springframework.org/schema/beans/spring-beans-current.xsd
http://www.mulesoft.org/schema/mule/core http://www.mulesoft.org/schema/mule/core/current/mule.xsd
http://www.mulesoft.org/schema/mule/http http://www.mulesoft.org/schema/mule/http/current/mule-http.xsd
http://www.mulesoft.org/schema/mule/db http://www.mulesoft.org/schema/mule/db/current/mule-db.xsd">
    <http:listener-config name="HTTP_Listener_Configuration" host="0.0.0.0" port="8081" doc:name="HTTP Listener Configuration"/>
    <db:mysql-config name="MySQL_Configuration" host="localhost" port="3306" user="root" password="rootroot" database="company" doc:name="MySQL Configuration"/>
    <flow name="myprojectFlow">
        <http:listener config-ref="HTTP_Listener_Configuration" path="/getemps" doc:name="HTTP"/>
        <set-payload value="#[message.inboundProperties.'http.query.params'.emp]" doc:name="Set Payload"/>
        <db:stored-procedure config-ref="MySQL_Configuration" doc:name="Database">
            <db:parameterized-query><![CDATA[CALL add_bonus_by_emp_no(:empid,500);]]></db:parameterized-query>
            <db:in-param name="empid" value="#[payload]"/>
        </db:stored-procedure>
    </flow>
</mule>