<?xml version="1.0" encoding="UTF-8"?>
<mule xmlns:tracking="http://www.mulesoft.org/schema/mule/ee/tracking" xmlns:dw="http://www.mulesoft.org/schema/mule/ee/dw" xmlns:ws="http://www.mulesoft.org/schema/mule/ws" xmlns:doc="http://www.mulesoft.org/schema/mule/documentation" xmlns="http://www.mulesoft.org/schema/mule/core" xmlns:apikit="http://www.mulesoft.org/schema/mule/apikit" xmlns:http="http://www.mulesoft.org/schema/mule/http" xmlns:spring="http://www.springframework.org/schema/beans" xmlns:xsi="http://www.w3.org/2001/XMLSchema-instance" xsi:schemaLocation="http://www.mulesoft.org/schema/mule/core http://www.mulesoft.org/schema/mule/core/current/mule.xsd
http://www.mulesoft.org/schema/mule/http http://www.mulesoft.org/schema/mule/http/current/mule-http.xsd
http://www.mulesoft.org/schema/mule/apikit http://www.mulesoft.org/schema/mule/apikit/current/mule-apikit.xsd
http://www.springframework.org/schema/beans http://www.springframework.org/schema/beans/spring-beans-3.1.xsd
http://www.mulesoft.org/schema/mule/ws http://www.mulesoft.org/schema/mule/ws/current/mule-ws.xsd
http://www.mulesoft.org/schema/mule/ee/dw http://www.mulesoft.org/schema/mule/ee/dw/current/dw.xsd
http://www.mulesoft.org/schema/mule/ee/tracking http://www.mulesoft.org/schema/mule/ee/tracking/current/mule-tracking-ee.xsd">
    <http:listener-config name="t-shirt-httpListenerConfig" host="${http.host}" port="${http.port}" doc:name="HTTP Listener Configuration" basePath="/api/"/>
    <apikit:config name="t-shirt-config" raml="t-shirt.raml" consoleEnabled="true" consolePath="console" doc:name="Router"/>
    <ws:consumer-config name="Web_Service_Consumer" service="TshirtServicePortTypeService" port="TshirtServicePortTypePort" serviceAddress="http://tshirt-service.cloudhub.io/" wsdlLocation="http://tshirt-service.cloudhub.io/?wsdl" doc:name="Web Service Consumer"/>
    <flow name="t-shirt-main">
        <http:listener config-ref="t-shirt-httpListenerConfig" path="/api/*" doc:name="HTTP"/>
        <apikit:router config-ref="t-shirt-config" doc:name="APIkit Router"/>
        <exception-strategy ref="t-shirt-apiKitGlobalExceptionMapping" doc:name="Reference Exception Strategy"/>
    </flow>
    <flow name="get:/products:t-shirt-config">
        <ws:consumer config-ref="Web_Service_Consumer" operation="ListInventory" doc:name="Web Service Consumer"/>
        <dw:transform-message doc:name="Transform Message">
            <dw:set-payload><![CDATA[%dw 1.0
%output application/json
---
 [{
    "productCode": payload.ListInventoryResponse.*inventory.productCode,
    "size": payload.ListInventoryResponse.*inventory.size,
    "description": payload.ListInventoryResponse.*inventory.description,
    "count": payload.ListInventoryResponse.*inventory.count
}]]]></dw:set-payload>
        </dw:transform-message>
    </flow>
    <flow name="get:/orders/status:t-shirt-config">
        <dw:transform-message doc:name="Transform Message">
            <dw:set-payload><![CDATA[%dw 1.0
%output application/xml
%namespace ns0 http://mulesoft.org/tshirt-service
---
{
  ns0#TrackOrder: {
    email: inboundProperties."http.query.params".email,
    orderId: inboundProperties."http.query.params".orderId
 }
}
]]></dw:set-payload>
        </dw:transform-message>
        <ws:consumer config-ref="Web_Service_Consumer" operation="TrackOrder" doc:name="Web Service Consumer"/>
        <dw:transform-message doc:name="Transform Message">
            <dw:set-payload><![CDATA[%dw 1.0
%output application/java
---
{
    "orderId": payload.TrackOrderResponse.orderId,
    "status": payload.TrackOrderResponse.status,
    "size": payload.TrackOrderResponse.size
}]]></dw:set-payload>
        </dw:transform-message>
    </flow>
    <flow name="post:/orders:application/json:t-shirt-config">
        <dw:transform-message doc:name="Transform Message">
            <dw:set-payload><![CDATA[%dw 1.0
%output application/xml
%namespace ns0 http://mulesoft.org/tshirt-service
---
{
ns0#OrderTshirt: {
  size: payload.size,
  email: payload.email,
  name: payload.name,
  address1: payload.address1,
  address2: payload.address2,
  city: payload.city,
  stateOrProvince: payload.stateOrProvince,
  postalCode: payload.postalCode,
  country: payload.country
	}
}
]]></dw:set-payload>
        </dw:transform-message>
        <ws:consumer config-ref="Web_Service_Consumer" operation="OrderTshirt" doc:name="Web Service Consumer"/>
        <dw:transform-message doc:name="Transform Message">
            <dw:set-payload><![CDATA[%dw 1.0
%output application/java
---
{
    "orderId": payload.OrderTshirtResponse.orderId
}]]></dw:set-payload>
        </dw:transform-message>
    </flow>
    <apikit:mapping-exception-strategy name="t-shirt-apiKitGlobalExceptionMapping">
        <apikit:mapping statusCode="404">
            <apikit:exception value="org.mule.module.apikit.exception.NotFoundException" />
            <set-property propertyName="Content-Type" value="application/json" doc:name="Property"/>
            <set-payload value="{ &quot;message&quot;: &quot;Resource not found&quot; }" doc:name="Set Payload"/>
        </apikit:mapping>
        <apikit:mapping statusCode="405">
            <apikit:exception value="org.mule.module.apikit.exception.MethodNotAllowedException" />
            <set-property propertyName="Content-Type" value="application/json" doc:name="Property"/>
            <set-payload value="{ &quot;message&quot;: &quot;Method not allowed&quot; }" doc:name="Set Payload"/>
        </apikit:mapping>
        <apikit:mapping statusCode="415">
            <apikit:exception value="org.mule.module.apikit.exception.UnsupportedMediaTypeException" />
            <set-property propertyName="Content-Type" value="application/json" doc:name="Property"/>
            <set-payload value="{ &quot;message&quot;: &quot;Unsupported media type&quot; }" doc:name="Set Payload"/>
        </apikit:mapping>
        <apikit:mapping statusCode="406">
            <apikit:exception value="org.mule.module.apikit.exception.NotAcceptableException" />
            <set-property propertyName="Content-Type" value="application/json" doc:name="Property"/>
            <set-payload value="{ &quot;message&quot;: &quot;Not acceptable&quot; }" doc:name="Set Payload"/>
        </apikit:mapping>
        <apikit:mapping statusCode="400">
            <apikit:exception value="org.mule.module.apikit.exception.BadRequestException"/>
            <set-property propertyName="Content-Type" value="application/json" doc:name="Property"/>
            <set-payload value="{ &quot;message&quot;: &quot;Bad request&quot; }" doc:name="Set Payload"/>
        </apikit:mapping>
    </apikit:mapping-exception-strategy>
</mule>
